{
  "Htozg_el_cat_ggf1_nominal": {
    "disigma": true,
    "nexp": 0.8886373972111211,
    "sigmaL": 1.65766119136833,
    "sigmaR": 0.823308580027148,
    "nL": 1.993337870785072,
    "nR": 18.37252806042449,
    "alphaL": 1.5050571118870453,
    "alphaR": 1.021482204450084,
    "dMH": 0.0707401603039021
  },
  "Htozg_mu_cat_ggf1_nominal": {
    "disigma": true,
    "nexp": 0.9904117026527565,
    "sigmaL": 1.1391773652910127,
    "sigmaR": 1.2005695121137536,
    "nL": 2.875066709769837,
    "nR": 20.0,
    "alphaL": 1.3419983416290673,
    "alphaR": 1.7413306061983402,
    "dMH": -0.17595626962365696
  },
  "Htozg_el_cat_ggf2_nominal": {
    "disigma": true,
    "nexp": 6.996598214176077,
    "sigmaL": 1.3101964057412252,
    "sigmaR": 1.2683773949635335,
    "nL": 3.4360972397552763,
    "nR": 20.0,
    "alphaL": 0.9783623859861936,
    "alphaR": 1.4136335036595071,
    "dMH": -0.34450807417432866
  },
  "Htozg_mu_cat_ggf2_nominal": {
    "disigma": true,
    "nexp": 7.690512383430263,
    "sigmaL": 1.2955563053794181,
    "sigmaR": 1.0891787108147215,
    "nL": 2.4941207919372412,
    "nR": 8.399356551999475,
    "alphaL": 1.4193615587621065,
    "alphaR": 1.5542604204415518,
    "dMH": -0.06279007400649886
  },
  "Htozg_el_cat_ggf3_nominal": {
    "disigma": true,
    "nexp": 50.93509276830791,
    "sigmaL": 1.53589728281023,
    "sigmaR": 1.2891417844314697,
    "nL": 5.813948739236612,
    "nR": 20.0,
    "alphaL": 0.9293437469014194,
    "alphaR": 1.3656529686037937,
    "dMH": -0.25290464069729024
  },
  "Htozg_mu_cat_ggf3_nominal": {
    "disigma": true,
    "nexp": 58.05333361528631,
    "sigmaL": 1.3248097380694204,
    "sigmaR": 1.123879722617747,
    "nL": 2.529399680561915,
    "nR": 20.0,
    "alphaL": 1.3481831648883216,
    "alphaR": 1.3957453188064721,
    "dMH": -0.10327122712922618
  },
  "Htozg_el_cat_ggf4_nominal": {
    "disigma": true,
    "nexp": 58.67556392329415,
    "sigmaL": 1.7682790985968295,
    "sigmaR": 1.4853859854851348,
    "nL": 6.2802705375106935,
    "nR": 20.0,
    "alphaL": 0.9346335590768919,
    "alphaR": 1.2919888051670179,
    "dMH": -0.25904686705089747
  },
  "Htozg_mu_cat_ggf4_nominal": {
    "disigma": true,
    "nexp": 69.16373140183941,
    "sigmaL": 1.5177553622999314,
    "sigmaR": 1.330058124526779,
    "nL": 3.368260256848611,
    "nR": 20.0,
    "alphaL": 1.1632767981560803,
    "alphaR": 1.3247339519649424,
    "dMH": -0.11177613437413121
  },
  "Htozg_el_cat_vbf1_nominal": {
    "disigma": true,
    "nexp": 1.464899122089319,
    "sigmaL": 1.2461727604834305,
    "sigmaR": 1.0665103830819915,
    "nL": 3.661965089788345,
    "nR": 20.0,
    "alphaL": 0.9918243395796875,
    "alphaR": 1.2753291051492093,
    "dMH": -0.18812432764798406
  },
  "Htozg_mu_cat_vbf1_nominal": {
    "disigma": true,
    "nexp": 1.604634868254015,
    "sigmaL": 1.2482897976299376,
    "sigmaR": 1.3386566197906116,
    "nL": 2.08726340294517,
    "nR": 20.0,
    "alphaL": 1.5045030296329192,
    "alphaR": 1.655146296755871,
    "dMH": -0.26509419459618416
  },
  "Htozg_el_cat_vbf2_nominal": {
    "disigma": true,
    "nexp": 3.820171053016987,
    "sigmaL": 1.3879778148181874,
    "sigmaR": 1.1152527454552519,
    "nL": 3.372131400236164,
    "nR": 20.0,
    "alphaL": 1.08893998523255,
    "alphaR": 1.2475571540798596,
    "dMH": -0.17658399223437166
  },
  "Htozg_mu_cat_vbf2_nominal": {
    "disigma": true,
    "nexp": 4.173268735287815,
    "sigmaL": 1.4077277173828087,
    "sigmaR": 1.110623747891776,
    "nL": 2.4683488399765183,
    "nR": 20.0,
    "alphaL": 1.5062381437842927,
    "alphaR": 1.313173256567521,
    "dMH": -0.04152670299940068
  },
  "Htozg_el_cat_vbf3_nominal": {
    "disigma": true,
    "nexp": 7.798592483595033,
    "sigmaL": 1.665001264654715,
    "sigmaR": 1.1977027891211394,
    "nL": 4.138692578605929,
    "nR": 20.0,
    "alphaL": 1.0728965880621402,
    "alphaR": 1.1813869991949189,
    "dMH": -0.1358968556493071
  },
  "Htozg_mu_cat_vbf3_nominal": {
    "disigma": true,
    "nexp": 8.764165120136864,
    "sigmaL": 1.4037573826994418,
    "sigmaR": 1.1585424425195276,
    "nL": 2.9385528038644644,
    "nR": 20.0,
    "alphaL": 1.2962501603449097,
    "alphaR": 1.2929404513216336,
    "dMH": -0.07164066409744282
  },
  "Htozg_el_cat_vbf4_nominal": {
    "disigma": true,
    "nexp": 9.116093048233427,
    "sigmaL": 1.6221216077587641,
    "sigmaR": 1.4661316318151587,
    "nL": 6.592598996204497,
    "nR": 20.0,
    "alphaL": 0.8531976696318742,
    "alphaR": 1.3069506311450398,
    "dMH": -0.2613365359500269
  },
  "Htozg_mu_cat_vbf4_nominal": {
    "disigma": true,
    "nexp": 10.349224875908346,
    "sigmaL": 1.412219783825176,
    "sigmaR": 1.3457896610760025,
    "nL": 4.354934020233635,
    "nR": 20.0,
    "alphaL": 1.0467890287975783,
    "alphaR": 1.346915344555932,
    "dMH": -0.1626111629733075
  },
    "Htozg_el_cat_untag_nominal": {
	"disigma": false,
	"nexp": 3.6294960,
	"sigmaL": 1.6490566,
	"sigmaR": 1.0,
	"nL": 2.8020376,
	"nR": 1.5889833,
	"alphaL": 1.1020759,
	"alphaR": 2.0380881,
	"dMH": -0.40279000
    },
    "Htozg_mu_cat_untag_nominal": {
        "disigma": false,
        "nexp": 3.9020040,
        "sigmaL": 1.3485247,
        "sigmaR": 1.0,
        "nL": 2.2153717,
        "nR": 2.1627148,
        "alphaL": 1.2393349,
        "alphaR": 1.7158999,
        "dMH": -0.22659
    }
    
}
