{
  "Htozg_el_cat_ggf1_nominal": {
    "disigma": true,
    "nexp": 0.937300585527002,
    "sigmaL": 1.5418625378531698,
    "sigmaR": 1.3251986525620985,
    "nL": 1.454508443733068,
    "nR": 0.01,
    "alphaL": 1.5503129241138631,
    "alphaR": 2.848392890538136,
    "dMH": -0.25019007910991276
  },
  "Htozg_mu_cat_ggf1_nominal": {
    "disigma": true,
    "nexp": 1.0776499756625655,
    "sigmaL": 1.3010028169614847,
    "sigmaR": 0.9800939730540404,
    "nL": 1.692669582558201,
    "nR": 22.55430985858755,
    "alphaL": 1.8601236931174718,
    "alphaR": 1.5765851481741024,
    "dMH": -0.02695450930066211
  },
  "Htozg_el_cat_ggf2_nominal": {
    "disigma": true,
    "nexp": 5.389317612914853,
    "sigmaL": 1.5661572536097337,
    "sigmaR": 1.3137900140493277,
    "nL": 2.988308226110721,
    "nR": 20.0,
    "alphaL": 1.1741349312375988,
    "alphaR": 1.4810994976397862,
    "dMH": -0.2887150719908787
  },
  "Htozg_mu_cat_ggf2_nominal": {
    "disigma": true,
    "nexp": 6.099464626370839,
    "sigmaL": 1.19174450993384,
    "sigmaR": 1.0634998831278186,
    "nL": 2.583621555486219,
    "nR": 16.618408921247063,
    "alphaL": 1.363320243011393,
    "alphaR": 1.6242165286673018,
    "dMH": -0.08349587890764647
  },
  "Htozg_el_cat_ggf3_nominal": {
    "disigma": true,
    "nexp": 42.43510320314798,
    "sigmaL": 1.6026505679066678,
    "sigmaR": 1.3259953268718965,
    "nL": 4.666540010818646,
    "nR": 20.0,
    "alphaL": 1.0192627396866032,
    "alphaR": 1.3644503632069411,
    "dMH": -0.27174078631587034
  },
  "Htozg_mu_cat_ggf3_nominal": {
    "disigma": true,
    "nexp": 49.906401194065,
    "sigmaL": 1.1850893314617603,
    "sigmaR": 1.1090625837957153,
    "nL": 2.637827137381882,
    "nR": 10.923391324417963,
    "alphaL": 1.303098656925214,
    "alphaR": 1.6269548544810533,
    "dMH": -0.14767231913669884
  },
  "Htozg_el_cat_ggf4_nominal": {
    "disigma": true,
    "nexp": 69.86869766243709,
    "sigmaL": 1.772266070635239,
    "sigmaR": 1.5045876579302053,
    "nL": 7.077119314547727,
    "nR": 20.0,
    "alphaL": 0.914039364866538,
    "alphaR": 1.2887437872799343,
    "dMH": -0.27568876877139115
  },
  "Htozg_mu_cat_ggf4_nominal": {
    "disigma": true,
    "nexp": 85.19692107044449,
    "sigmaL": 1.3780696982670357,
    "sigmaR": 1.2203884524312598,
    "nL": 3.376745446403508,
    "nR": 20.0,
    "alphaL": 1.1475817428533344,
    "alphaR": 1.3144575657939384,
    "dMH": -0.10814253063820578
  },
  "Htozg_el_cat_vbf1_nominal": {
    "disigma": true,
    "nexp": 1.3336126675678686,
    "sigmaL": 1.4177391592469644,
    "sigmaR": 1.1762999716896014,
    "nL": 2.866026461249623,
    "nR": 20.0,
    "alphaL": 1.2078980403724144,
    "alphaR": 1.3937711513335613,
    "dMH": -0.2491985438400721
  },
  "Htozg_mu_cat_vbf1_nominal": {
    "disigma": true,
    "nexp": 1.5309978113236138,
    "sigmaL": 1.179026309430106,
    "sigmaR": 1.1359379994157963,
    "nL": 2.316369585738863,
    "nR": 20.0,
    "alphaL": 1.5289537668927538,
    "alphaR": 1.4484743594423193,
    "dMH": -0.1581480292498629
  },
  "Htozg_el_cat_vbf2_nominal": {
    "disigma": true,
    "nexp": 3.9950713159048155,
    "sigmaL": 1.4597018205838845,
    "sigmaR": 1.0513495347415045,
    "nL": 4.120414199046372,
    "nR": 20.0,
    "alphaL": 1.051673749805124,
    "alphaR": 1.0947771961749084,
    "dMH": -0.10564685987720454
  },
  "Htozg_mu_cat_vbf2_nominal": {
    "disigma": true,
    "nexp": 4.491951545393142,
    "sigmaL": 1.2538077425509662,
    "sigmaR": 1.072202502955924,
    "nL": 3.4320614923195043,
    "nR": 11.89629676646576,
    "alphaL": 1.3054475462636153,
    "alphaR": 1.3679872402822058,
    "dMH": -0.07604341016290626
  },
  "Htozg_el_cat_vbf3_nominal": {
    "disigma": true,
    "nexp": 8.804334854575197,
    "sigmaL": 1.6718511733188752,
    "sigmaR": 1.2446470903270648,
    "nL": 4.108202066007175,
    "nR": 20.0,
    "alphaL": 1.0430460115748628,
    "alphaR": 1.1888563381956954,
    "dMH": -0.1762458168633475
  },
  "Htozg_mu_cat_vbf3_nominal": {
    "disigma": true,
    "nexp": 10.136128611890912,
    "sigmaL": 1.3802320275255735,
    "sigmaR": 0.9837407663297376,
    "nL": 2.6157254288062,
    "nR": 20.0,
    "alphaL": 1.406760279290576,
    "alphaR": 1.199798125075304,
    "dMH": 0.025468243738205817
  },
  "Htozg_el_cat_vbf4_nominal": {
    "disigma": true,
    "nexp": 8.438287858019738,
    "sigmaL": 1.8011506697582587,
    "sigmaR": 1.4025368090407706,
    "nL": 5.584462039867438,
    "nR": 20.0,
    "alphaL": 0.9705847479613979,
    "alphaR": 1.1961251478883828,
    "dMH": -0.17745286255433487
  },
  "Htozg_mu_cat_vbf4_nominal": {
    "disigma": true,
    "nexp": 9.773985311395755,
    "sigmaL": 1.25457166783924,
    "sigmaR": 1.2337190308804153,
    "nL": 4.144168127760676,
    "nR": 20.0,
    "alphaL": 1.0128919963379164,
    "alphaR": 1.3004346405300633,
    "dMH": -0.1585417292203227
  },
  "Htozg_el_cat_untag_nominal": {
    "disigma": false,
    "nexp": 3.629496,
    "sigmaL": 1.6490566,
    "sigmaR": 1.0,
    "nL": 2.8020376,
    "nR": 1.5889833,
    "alphaL": 1.1020759,
    "alphaR": 2.0380881,
    "dMH": -0.40279
  },
  "Htozg_mu_cat_untag_nominal": {
    "disigma": false,
    "nexp": 3.902004,
    "sigmaL": 1.3485247,
    "sigmaR": 1.0,
    "nL": 2.2153717,
    "nR": 2.1627148,
    "alphaL": 1.2393349,
    "alphaR": 1.7158999,
    "dMH": -0.22659
  },
  "Htozg_el_cat_vh3l_nominal": {
    "disigma": true,
    "nexp": 0.4827711182132896,
    "sigmaL": 1.8775231120272537,
    "sigmaR": 1.2189988847115552,
    "nL": 2.4283275444388583,
    "nR": 16.659645680941384,
    "alphaL": 1.2054713953804277,
    "alphaR": 1.0952823537407506,
    "dMH": -0.05702014021158174
  },
  "Htozg_mu_cat_vh3l_nominal": {
    "disigma": true,
    "nexp": 0.5594315714397651,
    "sigmaL": 1.3867541089831033,
    "sigmaR": 1.0737353603505162,
    "nL": 2.255631564023192,
    "nR": 9.552372763764918,
    "alphaL": 1.3541882561553886,
    "alphaR": 1.2613043744805432,
    "dMH": 0.01133561465999753
  },
  "Htozg_el_cat_vhptmiss_nominal": {
    "disigma": true,
    "nexp": 0.30557371112728093,
    "sigmaL": 1.1356250528139626,
    "sigmaR": 1.4240307145131048,
    "nL": 1.4683289520629763,
    "nR": 5.428168546326558,
    "alphaL": 1.1161415605240712,
    "alphaR": 1.3681587530959738,
    "dMH": -0.5779703421827733
  },
  "Htozg_mu_cat_vhptmiss_nominal": {
    "disigma": true,
    "nexp": 0.3415527497685956,
    "sigmaL": 1.5656690237631352,
    "sigmaR": 1.0731847474984728,
    "nL": 1.2610210498030796,
    "nR": 26.624123517061005,
    "alphaL": 1.8526918189986716,
    "alphaR": 1.158167950052408,
    "dMH": 0.05907078955370289
  },
  "Htozg_el_cat_tthlep_nominal": {
    "disigma": true,
    "nexp": 0.2967156972085615,
    "sigmaL": 1.563838681235045,
    "sigmaR": 1.3309395582734243,
    "nL": 3.9122268967984706,
    "nR": 21.492578658667018,
    "alphaL": 1.024283061892763,
    "alphaR": 1.2395512576347045,
    "dMH": -0.2576340949382095
  },
  "Htozg_mu_cat_tthlep_nominal": {
    "disigma": true,
    "nexp": 0.32376665260815135,
    "sigmaL": 1.2739181134575377,
    "sigmaR": 1.1200115809927753,
    "nL": 2.3045827302166777,
    "nR": 11.43129287053225,
    "alphaL": 1.3697876792914443,
    "alphaR": 1.3486660655753449,
    "dMH": -0.1154912198876059
  },
  "Htozg_el_cat_tthhad_nominal": {
    "disigma": true,
    "nexp": 0.3859459771701158,
    "sigmaL": 1.6896877883267232,
    "sigmaR": 1.2738758865248654,
    "nL": 6.124902128414009,
    "nR": 6.613783586639711,
    "alphaL": 1.2619675963338817,
    "alphaR": 1.5255939942793555,
    "dMH": -0.12338361914756851
  },
  "Htozg_mu_cat_tthhad_nominal": {
    "disigma": true,
    "nexp": 0.4091245587748601,
    "sigmaL": 1.1433728557549196,
    "sigmaR": 1.2095759928589895,
    "nL": 5.822914968248956,
    "nR": 7.288571159886752,
    "alphaL": 1.0367911777937757,
    "alphaR": 1.6989675838602563,
    "dMH": -0.1600283903417843
  }
}