{
  "Htozg_el_cat_ggf4": {
    "disigma": false,
    "nexp": 10.859794740194957,
    "dMH": -0.6418452656903787,
    "sigmaL": 2.2148744781333947,
    "sigmaR": 1.2,
    "nL": 24.019009496718464,
    "nR": 20.0,
    "alphaL": 0.807743123295533,
    "alphaR": 1.4896937443441876
  },
  "Htozg_mu_cat_ggf4": {
    "disigma": false,
    "nexp": 13.351636221310855,
    "dMH": -0.15484760385160382,
    "sigmaL": 1.471069992408951,
    "sigmaR": 1.2,
    "nL": 8.542707102632162,
    "nR": 20.0,
    "alphaL": 0.8696017859082736,
    "alphaR": 1.4371536212587361
  },
  "Htozg_el_cat_ggf3": {
    "disigma": false,
    "nexp": 12.078105725734076,
    "dMH": -0.5569601395448475,
    "sigmaL": 1.884778694388414,
    "sigmaR": 1.2,
    "nL": 20.0,
    "nR": 20.0,
    "alphaL": 0.765796694088701,
    "alphaR": 1.423824485227557
  },
  "Htozg_mu_cat_ggf3": {
    "disigma": false,
    "nexp": 14.537375003822945,
    "dMH": -0.20034960266146018,
    "sigmaL": 1.2847483422209747,
    "sigmaR": 1.2,
    "nL": 4.276889022879847,
    "nR": 20.0,
    "alphaL": 1.0006172593223528,
    "alphaR": 1.399301685848781
  },
  "Htozg_el_cat_ggf2": {
    "disigma": false,
    "nexp": 7.824041765776656,
    "dMH": -0.43810072647497955,
    "sigmaL": 1.587064753648526,
    "sigmaR": 1.2,
    "nL": 20.0,
    "nR": 20.0,
    "alphaL": 0.7209677186521242,
    "alphaR": 1.3374210487642186
  },
  "Htozg_mu_cat_ggf2": {
    "disigma": false,
    "nexp": 9.039289862439091,
    "dMH": -0.16654391020233886,
    "sigmaL": 1.1867056275740113,
    "sigmaR": 1.2,
    "nL": 3.5418676820503503,
    "nR": 20.0,
    "alphaL": 1.135438984407601,
    "alphaR": 1.5741682244505184
  },
  "Htozg_el_cat_ggf1": {
    "disigma": false,
    "nexp": 1.2243057125206178,
    "dMH": -0.12443128395097952,
    "sigmaL": 0.8639101910013355,
    "sigmaR": 1.2,
    "nL": 21.104161518430036,
    "nR": 16.160811094951004,
    "alphaL": 0.40617767615454925,
    "alphaR": 0.7630886529990547
  },
  "Htozg_mu_cat_ggf1": {
    "disigma": false,
    "nexp": 1.426290992207214,
    "dMH": -0.10547451746362123,
    "sigmaL": 1.040203649283152,
    "sigmaR": 1.2,
    "nL": 20.0,
    "nR": 20.0,
    "alphaL": 0.7924758457260955,
    "alphaR": 1.3457420270313543
  },
  "Htozg_el_cat_vbf4": {
    "disigma": false,
    "nexp": 3.2794230069465584,
    "dMH": -0.5284643551104977,
    "sigmaL": 1.9880834343018445,
    "sigmaR": 1.2,
    "nL": 20.0,
    "nR": 6.30236527610982,
    "alphaL": 0.7920046496866376,
    "alphaR": 1.5640236928082387
  },
  "Htozg_mu_cat_vbf4": {
    "disigma": false,
    "nexp": 3.799427770308057,
    "dMH": -0.14127592798194047,
    "sigmaL": 1.3227175446014396,
    "sigmaR": 1.2,
    "nL": 12.107057755081815,
    "nR": 28.16610116242696,
    "alphaL": 0.7865299999811517,
    "alphaR": 1.2679698953801246
  },
  "Htozg_el_cat_vbf3": {
    "disigma": false,
    "nexp": 1.7718093289995522,
    "dMH": -0.3700163367305655,
    "sigmaL": 1.6188205506057716,
    "sigmaR": 1.2,
    "nL": 20.0,
    "nR": 20.0,
    "alphaL": 0.6831755849403239,
    "alphaR": 1.2699179380030299
  },
  "Htozg_mu_cat_vbf3": {
    "disigma": false,
    "nexp": 2.0455993348350603,
    "dMH": -0.10027846065937054,
    "sigmaL": 1.2473196403211042,
    "sigmaR": 1.2,
    "nL": 20.0,
    "nR": 20.0,
    "alphaL": 0.8139917684446886,
    "alphaR": 1.3304741491461898
  },
  "Htozg_el_cat_vbf2": {
    "disigma": false,
    "nexp": 1.0560961638934714,
    "dMH": -0.25508719052997203,
    "sigmaL": 0.9836098365720543,
    "sigmaR": 1.2,
    "nL": 37.86401785294661,
    "nR": 20.0,
    "alphaL": 0.4775135328916651,
    "alphaR": 0.8140109057506382
  },
  "Htozg_mu_cat_vbf2": {
    "disigma": false,
    "nexp": 1.1846762850991581,
    "dMH": -0.19145891157790476,
    "sigmaL": 1.2780748635974977,
    "sigmaR": 1.2,
    "nL": 20.0,
    "nR": 20.0,
    "alphaL": 0.9525047773411321,
    "alphaR": 1.503113745622982
  },
  "Htozg_el_cat_vbf1": {
    "disigma": false,
    "nexp": 0.19286973007365305,
    "dMH": -0.2642162718298225,
    "sigmaL": 0.8249899668075032,
    "sigmaR": 1.2,
    "nL": 7.467715567658486,
    "nR": 8.73814526731097,
    "alphaL": 0.48912352998889425,
    "alphaR": 0.6590831766678016
  },
  "Htozg_mu_cat_vbf1": {
    "disigma": false,
    "nexp": 0.2327522614236841,
    "dMH": 0.08965889606743964,
    "sigmaL": 0.5911842730390924,
    "sigmaR": 1.2,
    "nL": 13.946151212379917,
    "nR": 18.39359608464386,
    "alphaL": 0.42949108720682666,
    "alphaR": 0.5882180567771137
  },
  "Htozg_el_cat_vh3l": {
    "disigma": false,
    "nexp": 0.16224986955376153,
    "dMH": -0.09093189625098162,
    "sigmaL": 0.8507040749489339,
    "sigmaR": 1.2,
    "nL": 4.888314434032957,
    "nR": 9.54377275891007,
    "alphaL": 0.4568379807688694,
    "alphaR": 0.6326113568473926
  },
  "Htozg_mu_cat_vh3l": {
    "disigma": false,
    "nexp": 0.19541529854882356,
    "dMH": -0.07200372330557829,
    "sigmaL": 0.6680035347574932,
    "sigmaR": 1.2,
    "nL": 20.0,
    "nR": 20.0,
    "alphaL": 0.4331064652391162,
    "alphaR": 0.6051358456257568
  },
  "Htozg_el_cat_vhmet": {
    "disigma": false,
    "nexp": 0.09476305286398201,
    "dMH": 0.28632542917814235,
    "sigmaL": 0.7791674989105062,
    "sigmaR": 1.2,
    "nL": 6.473921186007329,
    "nR": 20.0,
    "alphaL": 0.392899572495747,
    "alphaR": 0.7755479856236837
  },
  "Htozg_mu_cat_vhmet": {
    "disigma": false,
    "nexp": 0.1108432086589346,
    "dMH": -0.1983659261859762,
    "sigmaL": 0.5678858990415293,
    "sigmaR": 1.2,
    "nL": 6.072883480060684,
    "nR": 8.700829154727666,
    "alphaL": 0.49911308351814226,
    "alphaR": 0.5409601743637146
  },
  "Htozg_el_cat_tthhad": {
    "disigma": false,
    "nexp": 0.1255843339574767,
    "dMH": -0.08520745886002358,
    "sigmaL": 1.0209377122119434,
    "sigmaR": 1.2,
    "nL": 5.278252808354335,
    "nR": 11.963061843654394,
    "alphaL": 0.43958496920370266,
    "alphaR": 0.7749242840655329
  },
  "Htozg_mu_cat_tthhad": {
    "disigma": false,
    "nexp": 0.1294117177477574,
    "dMH": 0.07672959293240321,
    "sigmaL": 0.6444094371890318,
    "sigmaR": 1.2,
    "nL": 9.141129533688202,
    "nR": 33.657317133186034,
    "alphaL": 0.4108442045593188,
    "alphaR": 0.6409150432031239
  },
  "Htozg_el_cat_tthlep": {
    "disigma": false,
    "nexp": 0.07828575510779956,
    "dMH": -0.21331935871846205,
    "sigmaL": 0.8385025403978664,
    "sigmaR": 1.2,
    "nL": 5.6737535184559045,
    "nR": 8.652407353062394,
    "alphaL": 0.43824527506547917,
    "alphaR": 0.6511296338691694
  },
  "Htozg_mu_cat_tthlep": {
    "disigma": false,
    "nexp": 0.08744946039860224,
    "dMH": -0.14922892039090976,
    "sigmaL": 0.5730143245919964,
    "sigmaR": 1.2,
    "nL": 6.042964303687625,
    "nR": 9.394024344967924,
    "alphaL": 0.45046916166776463,
    "alphaR": 0.5633148946202372
  }
}