{
    "ttH_lep": {
        "Range": 100,
        "Chi2": ["bern2","bern3","bern4","bern5","pow1","pow2","pow3","exp2","exp3","lau2","lau3","lau4","modg","exmg","agg"],
        "FT": ["bern2","bern3","bern4","bern5","pow1","pow2","pow3","exp2","exp3","lau2","lau3","lau4","exmg","agg"],
        "PostFT": ["bern2","pow1","lau2","exmg","agg"],
        "CMSBias": [],
        "bern2":{"p0":1.0,"p1":0.22353065199673325,"p2":-0.07563483560301641,"bond":10,"sigma":5.842192826745887,"step":107.44362876679382,"fix_sigma":0,"mu_gauss":0.0},
				"bern3":{"p0":1,"p1":-0.011537,"p2":0.58011,"p3":-0.39493,"bond":5,"sigma":6.0343,"step":108.26,"fix_sigma":0},
				"bern4":{"p0":1,"p1":-1.8523,"p2":3.2735,"p3":-3.263,"p4":2.163,"bond":5,"sigma":7.9362,"step":113.11,"fix_sigma":0},
				"bern5":{"p0":1,"p1":-0.34004,"p2":0.85205,"p3":-0.23571,"p4":0.41212,"p5":-0.45803,"bond":5,"sigma":6.4168,"step":109.46,"fix_sigma":0},
				"pow1":{"sigma":6.85508472995303,"step":109.61254716539499,"p":-4.7750173167721695,"p_low":-10,"p_high":-0.5,"di_gauss":0,"fix_sigma":0,"mu_gauss":0.0},
				"pow2":{"sigma":6.8574,"step":98.543,"p1":-4.7718,"p1_low":-8,"p1_high":-2,"p2":-4.7811,"p2_low":-15,"p2_high":-3,"f1":1.0,"f2":0.78692,"xmax":165.0,"const_f1":1,"di_gauss":0,"fix_sigma":0},
				"pow3":{"sigma":6.8606,"step":98.532,"p1":-4.8567,"p1_low":-10,"p1_high":0,"p2":-4.7398,"p2_low":-10,"p2_high":0,"p3":-4.8352,"p3_low":-10,"p3_high":0,"f1":0.1,"f2":0.15084,"f3":9.997,"xmax":165.0,"const_f1":1,"di_gauss":0,"fix_sigma":0},
				"exp1":{"sigma":1.5535,"step":101.0,"p":-0.055,"p_low":-4,"p_high":0,"di_gauss":0,"fix_sigma":0},
				"exp2":{"sigma":1.8058,"step":98.501,"p1":-0.08742,"p1_low":-4,"p1_high":0,"p2":-0.034964,"p2_low":-2,"p2_high":0,"f1":1.0,"f2":2.2814,"xmax":165,"const_f1":1,"di_gauss":0,"fix_sigma":0},
				"exp3":{"sigma":1.8101,"step":98.505,"p1":-0.035921,"p1_low":-4,"p1_high":0,"p2":-0.088578,"p2_low":-4,"p2_high":0,"p3":-0.065,"p3_low":-4,"p3_high":0,"f1":1.0,"f2":2.0876,"f3":0.040059,"xmax":165,"const_f1":1,"di_gauss":0,"fix_sigma":0},
				"lau2":{"sigma":11.32780508492564,"step":113.6657542512917,"p1":-9.0,"p2":-6.0,"f":29.783,"xmax":165.0,"const_f1":1,"di_gauss":0,"fix_sigma":0,"f1":29.783,"f2":29.999993888673348,"mu_gauss":0.0},
				"lau3":{"sigma":1.85,"step":98.542,"p1":-6,"p2":-8,"p3":-9,"f":0.5,"xmax":165,"const_f1":1,"di_gauss":0,"fix_sigma":0},
				"lau4":{"sigma":1.8489,"step":98.54,"p1":-5,"p2":-6,"p3":-8,"p4":-9,"f":0.2,"xmax":165,"const_f1":1,"di_gauss":0,"fix_sigma":0},
				"modg":{"m0":101.62,"sl":3.8067,"sh":36.09,"vl":2.0284,"vr":1.0754},
				"exmg":{"mu":109.00826637295074,"xsi":0.03319641785542099,"sig":6.551916300002272},
				"agg":{"kappa":-0.5110641537413726,"alpha":13.147227251318705,"zeta":113.39492081895723}    
    },
    "ttH_had": {
        "Range": 100,
        "Chi2": ["bern2","bern3","bern4","bern5","pow1","pow2","pow3","exp2","exp3","lau2","lau3","lau4","modg","exmg","agg"],
        "FT": ["bern2","bern3","bern4","bern5","pow1","pow2","pow3","exp2","exp3","lau2","lau3","lau4","exmg","agg"],
        "PostFT": ["bern2","pow1","lau2","exmg","agg"],
        "CMSBias": [],
        "bern2":{"p0":1.0,"p1":0.0473995155189878,"p2":0.3186999441855974,"bond":10,"sigma":8.253040213866006,"step":101.93480808888947,"fix_sigma":0,"mu_gauss":0.0},
				"bern3":{"p0":1,"p1":-0.43031,"p2":0.34204,"p3":-0.16464,"bond":5,"sigma":1.5072,"step":98.231,"fix_sigma":0},
				"bern4":{"p0":1,"p1":-0.30557,"p2":0.28758,"p3":-0.11316,"p4":0.07198,"bond":5,"sigma":1.693,"step":98.399,"fix_sigma":0},
				"bern5":{"p0":1,"p1":-0.28126,"p2":0.50948,"p3":-0.46353,"p4":0.46527,"p5":-0.32402,"bond":5,"sigma":1.8394,"step":98.53,"fix_sigma":0},
				"pow1":{"sigma":0.35714,"step":100.94,"p":-1.8741,"p_low":-10,"p_high":-0.5,"di_gauss":0,"fix_sigma":0},
				"pow2":{"sigma":1.8517,"step":98.543,"p1":-6.9196,"p1_low":-8,"p1_high":-2,"p2":-9.8434,"p2_low":-15,"p2_high":-3,"f1":1.0,"f2":1.4416,"xmax":165.0,"const_f1":1,"di_gauss":0,"fix_sigma":0,"mu_gauss":0.0},
				"pow3":{"sigma":1.8374,"step":98.532,"p1":-1.0117,"p1_low":-10,"p1_high":0,"p2":-0.96735,"p2_low":-10,"p2_high":0,"p3":-8.2324,"p3_low":-10,"p3_high":0,"f1":0.1,"f2":0.15084,"f3":9.997,"xmax":165.0,"const_f1":1,"di_gauss":0,"fix_sigma":0},
				"exp1":{"sigma":1.5535,"step":101.0,"p":-0.055,"p_low":-4,"p_high":0,"di_gauss":0,"fix_sigma":0},
				"exp2":{"sigma":1.8058,"step":98.501,"p1":-0.08742,"p1_low":-4,"p1_high":0,"p2":-0.034964,"p2_low":-2,"p2_high":0,"f1":1.0,"f2":2.2814,"xmax":165,"const_f1":1,"di_gauss":0,"fix_sigma":0},
				"exp3":{"sigma":1.8101,"step":98.505,"p1":-0.035921,"p1_low":-4,"p1_high":0,"p2":-0.088578,"p2_low":-4,"p2_high":0,"p3":-0.065,"p3_low":-4,"p3_high":0,"f1":1.0,"f2":2.0876,"f3":0.040059,"xmax":165,"const_f1":1,"di_gauss":0,"fix_sigma":0},
				"lau2":{"sigma":33.86478351607323,"step":99.88955567801004,"p1":-9.0,"p2":-6.0,"f":29.993,"xmax":165.0,"const_f1":1,"di_gauss":0,"fix_sigma":0,"f1":29.993,"f2":29.999971389779603,"mu_gauss":0.0},
				"lau3":{"sigma":1.85,"step":98.542,"p1":-6,"p2":-8,"p3":-9,"f":0.5,"xmax":165,"const_f1":1,"di_gauss":0,"fix_sigma":0},
				"lau4":{"sigma":1.8489,"step":98.54,"p1":-5,"p2":-6,"p3":-8,"p4":-9,"f":0.2,"xmax":165,"const_f1":1,"di_gauss":0,"fix_sigma":0},
				"modg":{"m0":101.62,"sl":3.8067,"sh":36.09,"vl":2.0284,"vr":1.0754},
				"exmg":{"mu":101.35702700327083,,"xsi":0.018743738674418704,"sig":7.826773862906706},
				"agg":{"kappa":-1.1897366071281867,"alpha":21.25685724840439,"zeta":114.99625598204594}
     },
    "WH_3l": {
        "Range": 100,
        "Chi2": ["bern2","bern3","bern4","bern5","pow1","pow2","pow3","exp2","exp3","lau2","lau3","lau4","modg","exmg","agg"],
        "FT": ["bern2","bern3","bern4","bern5","pow1","pow2","pow3","exp2","exp3","lau2","lau3","lau4","modg","exmg","agg"],
        "PostFT": ["bern2","pow1","lau2","modg","exmg","agg"],
        "CMSBias": [],
        "bern2":{"p0":1.0,"p1":0.17677460727689148,"p2":0.06423201088693371,"bond":10,"sigma":5.807547428783232,"step":103.67171997707177,"fix_sigma":0,"mu_gauss":0.0},
				"bern3":{"p0":1,"p1":-0.43031,"p2":0.34204,"p3":-0.16464,"bond":5,"sigma":1.5072,"step":98.231,"fix_sigma":0},
				"bern4":{"p0":1,"p1":-0.30557,"p2":0.28758,"p3":-0.11316,"p4":0.07198,"bond":5,"sigma":1.693,"step":98.399,"fix_sigma":0},
				"bern5":{"p0":1,"p1":-0.28126,"p2":0.50948,"p3":-0.46353,"p4":0.46527,"p5":-0.32402,"bond":5,"sigma":1.8394,"step":98.53,"fix_sigma":0},
				"pow1":{"sigma":7.594762537859967,"step":105.38745813249685,"p":-3.9065817704915373,"p_low":-10,"p_high":-0.5,"di_gauss":0,"fix_sigma":0,"mu_gauss":0.0},
				"pow2":{"sigma":1.8517,"step":98.543,"p1":-6.9196,"p1_low":-8,"p1_high":-2,"p2":-9.8434,"p2_low":-15,"p2_high":-3,"f1":1.0,"f2":1.4416,"xmax":165.0,"const_f1":1,"di_gauss":0,"fix_sigma":0},
				"pow3":{"sigma":1.8374,"step":98.532,"p1":-1.0117,"p1_low":-10,"p1_high":0,"p2":-0.96735,"p2_low":-10,"p2_high":0,"p3":-8.2324,"p3_low":-10,"p3_high":0,"f1":0.1,"f2":0.15084,"f3":9.997,"xmax":165.0,"const_f1":1,"di_gauss":0,"fix_sigma":0},
				"exp1":{"sigma":1.5535,"step":101.0,"p":-0.055,"p_low":-4,"p_high":0,"di_gauss":0,"fix_sigma":0},
				"exp2":{"sigma":1.8058,"step":98.501,"p1":-0.08742,"p1_low":-4,"p1_high":0,"p2":-0.034964,"p2_low":-2,"p2_high":0,"f1":1.0,"f2":2.2814,"xmax":165,"const_f1":1,"di_gauss":0,"fix_sigma":0},
				"exp3":{"sigma":1.8101,"step":98.505,"p1":-0.035921,"p1_low":-4,"p1_high":0,"p2":-0.088578,"p2_low":-4,"p2_high":0,"p3":-0.065,"p3_low":-4,"p3_high":0,"f1":1.0,"f2":2.0876,"f3":0.040059,"xmax":165,"const_f1":1,"di_gauss":0,"fix_sigma":0},
				"lau2":{"sigma":23.047603839168683,"step":106.62707276384549,"p1":-9.0,"p2":-6.0,"f":29.994,"xmax":165.0,"const_f1":1,"di_gauss":0,"fix_sigma":0,"f1":29.994,"f2":29.999776548050217,"mu_gauss":0.0},
				"lau3":{"sigma":1.85,"step":98.542,"p1":-6,"p2":-8,"p3":-9,"f":0.5,"xmax":165,"const_f1":1,"di_gauss":0,"fix_sigma":0},
				"lau4":{"sigma":1.8489,"step":98.54,"p1":-5,"p2":-6,"p3":-8,"p4":-9,"f":0.2,"xmax":165,"const_f1":1,