{
    "ttH_lep": {
        "Range": 100,
        "Chi2": ["bern2","bern3","bern4","bern5","pow1","pow2","pow3","exp2","exp3","lau2","lau3","lau4","modg","exmg","agg"],
        "FT": ["bern2","bern3","bern4","bern5","pow1","pow2","pow3","exp2","exp3","lau2","lau3","lau4","exmg","agg"],
        "PostFT": ["bern2","pow1","lau2","exmg","agg"],
        "CMSBias": [],
        "bern2":{"p0":1.0,"p1":0.22339387033827374,"p2":-0.07582095348710681,"bond":10,"sigma":5.8462945127057155,"step":107.4435525265913,"fix_sigma":0,"mu_gauss":0.0},
        "bern3":{"p0":1,"p1":-0.011537,"p2":0.58011,"p3":-0.39493,"bond":5,"sigma":6.0343,"step":108.26,"fix_sigma":0},
        "bern4":{"p0":1,"p1":-1.8523,"p2":3.2735,"p3":-3.263,"p4":2.163,"bond":5,"sigma":7.9362,"step":113.11,"fix_sigma":0},
        "bern5":{"p0":1,"p1":-0.34004,"p2":0.85205,"p3":-0.23571,"p4":0.41212,"p5":-0.45803,"bond":5,"sigma":6.4168,"step":109.46,"fix_sigma":0},
        "pow1":{"sigma":6.856667448109052,"step":109.61236294236875,"p":-4.775429703375753,"p_low":-10,"p_high":-0.5,"di_gauss":0,"fix_sigma":0,"mu_gauss":0.0},
        "pow2":{"sigma":6.8574,"step":98.543,"p1":-4.7718,"p1_low":-8,"p1_high":-2,"p2":-4.7811,"p2_low":-15,"p2_high":-3,"f1":1.0,"f2":0.78692,"xmax":165.0,"const_f1":1,"di_gauss":0,"fix_sigma":0},
        "pow3":{"sigma":6.8606,"step":98.532,"p1":-4.8567,"p1_low":-10,"p1_high":0,"p2":-4.7398,"p2_low":-10,"p2_high":0,"p3":-4.8352,"p3_low":-10,"p3_high":0,"f1":0.1,"f2":0.15084,"f3":9.997,"xmax":165.0,"const_f1":1,"di_gauss":0,"fix_sigma":0},
        "exp1":{"sigma":1.5535,"step":101.0,"p":-0.055,"p_low":-4,"p_high":0,"di_gauss":0,"fix_sigma":0},
        "exp2":{"sigma":1.8058,"step":98.501,"p1":-0.08742,"p1_low":-4,"p1_high":0,"p2":-0.034964,"p2_low":-2,"p2_high":0,"f1":1.0,"f2":2.2814,"xmax":165,"const_f1":1,"di_gauss":0,"fix_sigma":0},
        "exp3":{"sigma":1.8101,"step":98.505,"p1":-0.035921,"p1_low":-4,"p1_high":0,"p2":-0.088578,"p2_low":-4,"p2_high":0,"p3":-0.065,"p3_low":-4,"p3_high":0,"f1":1.0,"f2":2.0876,"f3":0.040059,"xmax":165,"const_f1":1,"di_gauss":0,"fix_sigma":0},
        "lau2":{"sigma":11.335008529677275,"step":113.66521879678459,"p1":-9.0,"p2":-6.0,"f":29.783,"xmax":165.0,"const_f1":1,"di_gauss":0,"fix_sigma":0,"f1":29.783,"f2":29.99999760053353,"mu_gauss":0.0},
        "lau3":{"sigma":1.85,"step":98.542,"p1":-6,"p2":-8,"p3":-9,"f":0.5,"xmax":165,"const_f1":1,"di_gauss":0,"fix_sigma":0},
        "lau4":{"sigma":1.8489,"step":98.54,"p1":-5,"p2":-6,"p3":-8,"p4":-9,"f":0.2,"xmax":165,"const_f1":1,"di_gauss":0,"fix_sigma":0},
        "modg":{"m0":101.62,"sl":3.8067,"sh":36.09,"vl":2.0284,"vr":1.0754},
        "exmg":{"mu":109.0,"sigma":6.5464,"xsi":9.85,"sig":6.5464},
        "agg":{"kappa":-0.511085543928801,"alpha":13.14549014059505,"zeta":113.39529411238014}
    },
    "ttH_had": {
        "Range": 100,
        "Chi2": ["bern2","bern3","bern4","bern5","pow1","pow2","pow3","exp2","exp3","lau2","lau3","lau4","modg","exmg","agg"],
        "FT": ["bern2","bern3","bern4","bern5","pow1","pow2","pow3","exp2","exp3","lau2","lau3","lau4","exmg","agg"],
        "PostFT": ["bern2","pow2","lau2","exmg","agg"],
        "CMSBias": [],
        "bern2":{"p0":1.0,"p1":0.045990610256512326,"p2":0.3193682542264379,"bond":10,"sigma":8.261529034276453,"step":101.94085186483295,"fix_sigma":0,"mu_gauss":0.0},
        "bern3":{"p0":1,"p1":-0.43031,"p2":0.34204,"p3":-0.16464,"bond":5,"sigma":1.5072,"step":98.231,"fix_sigma":0},
        "bern4":{"p0":1,"p1":-0.30557,"p2":0.28758,"p3":-0.11316,"p4":0.07198,"bond":5,"sigma":1.693,"step":98.399,"fix_sigma":0},
        "bern5":{"p0":1,"p1":-0.28126,"p2":0.50948,"p3":-0.46353,"p4":0.46527,"p5":-0.32402,"bond":5,"sigma":1.8394,"step":98.53,"fix_sigma":0},
        "pow1":{"sigma":0.35714,"step":100.94,"p":-1.8741,"p_low":-10,"p_high":-0.5,"di_gauss":0,"fix_sigma":0},
        "pow2":{"sigma":1.8517,"step":98.543,"p1":-6.9196,"p1_low":-8,"p1_high":-2,"p2":-9.8434,"p2_low":-15,"p2_high":-3,"f1":1.0,"f2":1.4416,"xmax":165.0,"const_f1":1,"di_gauss":0,"fix_sigma":0,"mu_gauss":0.0},
        "pow3":{"sigma":1.8374,"step":98.532,"p1":-1.0117,"p1_low":-10,"p1_high":0,"p2":-0.96735,"p2_low":-10,"p2_high":0,"p3":-8.2324,"p3_low":-10,"p3_high":0,"f1":0.1,"f2":0.15084,"f3":9.997,"xmax":165.0,"const_f1":1,"di_gauss":0,"fix_sigma":0},
        "exp1":{"sigma":1.5535,"step":101.0,"p":-0.055,"p_low":-4,"p_high":0,"di_gauss":0,"fix_sigma":0},
        "exp2":{"sigma":1.8058,"step":98.501,"p1":-0.08742,"p1_low":-4,"p1_high":0,"p2":-0.034964,"p2_low":-2,"p2_high":0,"f1":1.0,"f2":2.2814,"xmax":165,"const_f1":1,"di_gauss":0,"fix_sigma":0},
        "exp3":{"sigma":1.8101,"step":98.505,"p1":-0.035921,"p1_low":-4,"p1_high":0,"p2":-0.088578,"p2_low":-4,"p2_high":0,"p3":-0.065,"p3_low":-4,"p3_high":0,"f1":1.0,"f2":2.0876,"f3":0.040059,"xmax":165,"const_f1":1,"di_gauss":0,"fix_sigma":0},
        "lau2":{"sigma":33.864354294862856,"step":99.88951370382017,"p1":-9.0,"p2":-6.0,"f":29.993,"xmax":165.0,"const_f1":1,"di_gauss":0,"fix_sigma":0,"f1":29.993,"f2":29.999675669699577,"mu_gauss":0.0},
        "lau3":{"sigma":1.85,"step":98.542,"p1":-6,"p2":-8,"p3":-9,"f":0.5,"xmax":165,"const_f1":1,"di_gauss":0,"fix_sigma":0},
        "lau4":{"sigma":1.8489,"step":98.54,"p1":-5,"p2":-6,"p3":-8,"p4":-9,"f":0.2,"xmax":165,"const_f1":1,"di_gauss":0,"fix_sigma":0},
        "modg":{"m0":101.62,"sl":3.8067,"sh":36.09,"vl":2.0284,"vr":1.0754},
        "exmg":{"mu":101.36,"sigma":7.8292,"xsi":9.85,"sig":7.8292},
        "agg":{"kappa":-1.1895907656954003,"alpha":21.25122194804704,"zeta":114.99317726794662}

    },
    "WH_3l": {
        "Range": 100,
        "Chi2": ["bern2","bern3","bern4","bern5","pow1","pow2","pow3","exp2","exp3","lau2","lau3","lau4","modg","exmg","agg"],
        "FT": ["bern2","bern3","bern4","bern5","pow1","pow2","pow3","exp2","exp3","lau2","lau3","lau4","modg","exmg","agg"],
        "PostFT": ["bern2","pow1","lau2","modg","exmg","agg"],
        "CMSBias": [],
        "bern2":{"p0":1.0,"p1":0.17681128559032838,"p2":0.06422415166340852,"bond":10,"sigma":5.806972586429161,"step":103.67113666965437,"fix_sigma":0,"mu_gauss":0.0},
        "bern3":{"p0":1,"p1":-0.43031,"p2":0.34204,"p3":-0.16464,"bond":5,"sigma":1.5072,"step":98.231,"fix_sigma":0},
        "bern4":{"p0":1,"p1":-0.30557,"p2":0.28758,"p3":-0.11316,"p4":0.07198,"bond":5,"sigma":1.693,"step":98.399,"fix_sigma":0},
        "bern5":{"p0":1,"p1":-0.28126,"p2":0.50948,"p3":-0.46353,"p4":0.46527,"p5":-0.32402,"bond":5,"sigma":1.8394,"step":98.53,"fix_sigma":0},
        "pow1":{"sigma":7.593206696018496,"step":105.3863108849761,"p":-3.906278901030198,"p_low":-10,"p_high":-0.5,"di_gauss":0,"fix_sigma":0,"mu_gauss":0.0},
        "pow2":{"sigma":1.8517,"step":98.543,"p1":-6.9196,"p1_low":-8,"p1_high":-2,"p2":-9.8434,"p2_low":-15,"p2_high":-3,"f1":1.0,"f2":1.4416,"xmax":165.0,"const_f1":1,"di_gauss":0,"fix_sigma":0},
        "pow3":{"sigma":1.8374,"step":98.532,"p1":-1.0117,"p1_low":-10,"p1_high":0,"p2":-0.96735,"p2_low":-10,"p2_high":0,"p3":-8.2324,"p3_low":-10,"p3_high":0,"f1":0.1,"f2":0.15084,"f3":9.997,"xmax":165.0,"const_f1":1,"di_gauss":0,"fix_sigma":0},
        "exp1":{"sigma":1.5535,"step":101.0,"p":-0.055,"p_low":-4,"p_high":0,"di_gauss":0,"fix_sigma":0},
        "exp2":{"sigma":1.8058,"step":98.501,"p1":-0.08742,"p1_low":-4,"p1_high":0,"p2":-0.034964,"p2_low":-2,"p2_high":0,"f1":1.0,"f2":2.2814,"xmax":165,"const_f1":1,"di_gauss":0,"fix_sigma":0},
        "exp3":{"sigma":1.8101,"step":98.505,"p1":-0.035921,"p1_low":-4,"p1_high":0,"p2":-0.088578,"p2_low":-4,"p2_high":0,"p3":-0.065,"p3_low":-4,"p3_high":0,"f1":1.0,"f2":2.0876,"f3":0.040059,"xmax":165,"const_f1":1,"di_gauss":0,"fix_sigma":0},
        "lau2":{"sigma":23.05946064362652,"step":106.5944394755903,"p1":-9.0,"p2":-6.0,"f":29.994,"xmax":165.0,"const_f1":1,"di_gauss":0,"fix_sigma":0,"f1":29.994,"f2":29.99987953813425,"mu_gauss":0.0},
        "lau3":{"sigma":1.85,"step":98.542,"p1":-6,"p2":-8,"p3":-9,"f":0.5,"xmax":165,"const_f1":1,"di_gauss":0,"fix_sigma":0},